"","Autonomy","Competence","Relatedness","APReview","JobRotation","CareerPlanning","Mentoring","OCA"
"Autonomy",0,0.000249189175630414,3.44709579844865e-15,7.57575608445609e-12,1,0.00565374222550735,0.455318555902113,9.42287296900984e-28
"Competence",1.24594587815207e-05,0,0.00701929093628756,0.00849136006230954,1,0.038459340830237,0.413928656285925,7.25164083170315e-07
"Relatedness",1.3258060763264e-16,0.000412899466840445,0,0.000587765048595317,0.578649908880507,0.900316676769351,1,2.2590553163174e-18
"APReview",3.03030243378243e-13,0.000530710003894346,3.09350025576483e-05,0,1,0.0278530196715685,0.262125154756221,7.11571694468263e-08
"JobRotation",0.873130036280638,0.903776483457773,0.0652212816677155,0.984186998563738,0,0.681140163910551,0.578649908880507,1
"CareerPlanning",0.000314096790305964,0.00274709577358836,0.150052779461558,0.00185686797810456,0.0973057377015074,0,0.000133026582540748,2.14917996615137e-06
"Mentoring",0.0455318555902113,0.0344940546904938,0.601943871336879,0.0201634734427862,0.0642944343200564,6.33459916860706e-06,0,0.430400422544757
"OCA",3.36531177464637e-29,3.15288731813181e-08,8.36687154191631e-20,2.96488206028443e-09,0.488018011849123,9.76899984614258e-08,0.0391273111404325,0
