"","Autonomy","Competence","Relatedness","APReview","JobRotation","CareerPlanning","Mentoring","OCA"
"Autonomy",1,0.292469836693161,0.523596258607991,0.568048632432819,-0.0329276002623214,0.523635418115683,0.380892883363139,0.667278035595221
"Competence",0.292469836693161,1,0.238215283510319,0.290148922463651,0.0249314320590649,0.445624280262992,0.400900341742737,0.365471162460548
"Relatedness",0.523596258607991,0.238215283510319,1,0.345566191966192,0.366903408957992,0.223295473495772,0.103007966705167,0.567414475269984
"APReview",0.568048632432819,0.290148922463651,0.345566191966192,1,-0.00473688409444949,0.514382101246469,0.47103409493337,0.476791312417706
"JobRotation",-0.0329276002623214,0.0249314320590649,0.366903408957992,-0.00473688409444949,1,0.625333806772582,0.678571428571429,0.142303634649846
"CareerPlanning",0.523635418115683,0.445624280262992,0.223295473495772,0.514382101246469,0.625333806772582,1,0.924196873482306,0.709920347710112
"Mentoring",0.380892883363139,0.400900341742737,0.103007966705167,0.47103409493337,0.678571428571429,0.924196873482306,1,0.391956245020746
"OCA",0.667278035595221,0.365471162460548,0.567414475269984,0.476791312417706,0.142303634649846,0.709920347710112,0.391956245020746,1
